Geração;Aptidão(f(x))
1;201.0449829102
2;201.0449829102
3;201.0449829102
4;201.0449829102
5;201.0449829102
6;202.1494140625
7;202.1494140625
8;202.1494140625
9;202.1494140625
10;201.6701648766
