Geração;Normalizado(x);Aptidão(f(x))
1;3.3528836755;5.1831779148
2;2.7272727273;3.2561983471
3;2.7272727273;3.2561983471
4;2.7272727273;3.2561983471
5;2.7272727273;3.2561983471
6;2.7272727273;3.2561983471
7;2.7272727273;3.2561983471
8;2.7272727273;3.2561983471
9;2.7272727273;3.2561983471
10;2.7272727273;3.2561983471
